CustomerID,InvoiceDate,InvoiceNo,Amount
103,2024-05-28,12539,159.05
180,2024-09-23,32669,945.01
93,2024-10-22,80968,737.85
15,2024-01-11,30644,883.58
107,2024-06-12,28745,206.62
72,2024-04-22,38228,589.65
189,2024-07-05,44521,702.63
21,2024-10-21,36928,681.71
103,2024-08-19,28322,411.11
122,2024-08-14,67714,20.32
75,2024-11-05,97896,585.01
88,2024-04-07,72292,256.84
117,2024-02-24,39055,453.0
100,2024-04-20,52891,957.79
104,2024-05-31,91912,402.04
152,2024-09-02,16588,840.6
131,2024-03-09,16304,192.6
150,2024-11-07,17345,674.1
53,2024-10-15,39300,977.12
2,2024-09-06,34259,106.38
88,2024-02-05,98553,13.28
158,2024-08-26,25352,436.41
38,2024-05-27,43365,97.16
130,2024-08-14,29446,749.64
192,2024-08-31,12336,914.98
188,2024-12-02,72032,436.85
21,2024-12-30,85415,262.42
161,2024-07-19,17521,437.23
58,2024-06-02,81707,724.83
22,2024-03-13,33481,14.01
89,2024-07-19,28474,591.51
49,2024-10-22,56760,615.23
59,2024-01-17,65718,639.5
170,2024-05-08,54629,245.81
188,2024-08-04,55232,715.48
15,2024-03-01,96544,95.93
190,2024-04-13,77169,203.27
190,2024-02-11,60669,878.08
175,2024-01-25,88021,740.03
190,2024-02-08,79184,18.68
51,2024-10-17,57945,252.13
108,2024-05-10,23140,218.33
55,2024-08-16,93457,274.45
64,2024-04-17,24357,251.32
131,2024-06-20,78673,67.21
51,2024-04-11,75633,461.65
135,2024-12-19,86943,734.07
21,2024-01-12,88258,608.7
73,2024-10-01,22924,674.51
167,2024-04-10,79286,85.74
18,2024-02-13,84071,951.73
132,2024-10-31,67326,839.3
89,2024-01-17,40651,806.06
60,2024-11-25,80202,823.87
14,2024-02-26,58777,933.05
9,2024-11-06,26994,546.53
90,2024-10-29,77263,204.28
53,2024-01-12,69634,618.7
130,2024-11-13,20800,744.17
84,2024-03-20,47823,739.23
92,2024-08-03,73878,523.84
111,2024-12-04,28708,73.12
188,2024-09-20,22819,374.26
199,2024-05-28,84905,921.16
172,2024-03-21,73870,586.53
8,2024-08-02,19283,540.64
175,2024-07-16,40573,272.51
35,2024-07-18,88707,371.61
81,2024-01-25,40933,895.87
164,2024-03-29,15774,668.13
50,2024-09-24,82055,788.45
104,2024-05-22,20983,457.07
132,2024-02-28,28133,632.1
2,2024-12-30,24939,252.14
134,2024-01-26,10781,706.93
54,2024-02-16,66700,430.46
106,2024-10-14,37624,445.33
4,2024-09-22,16823,651.08
54,2024-01-16,28489,936.6
191,2024-07-17,49961,68.69
146,2024-10-08,39118,825.62
44,2024-03-26,91816,295.92
162,2024-09-06,32263,446.7
190,2024-09-26,23565,26.8
14,2024-11-30,30354,304.54
95,2024-04-26,52951,505.12
48,2024-01-07,33648,60.9
15,2024-05-16,60729,493.64
200,2024-06-24,51971,927.48
190,2024-11-23,28658,109.87
40,2024-11-10,31253,765.62
82,2024-08-02,74166,412.62
111,2024-03-22,58563,656.9
53,2024-08-10,36390,263.94
24,2024-04-12,98664,163.69
154,2024-09-29,61578,164.66
188,2024-01-14,89025,75.14
124,2024-06-07,42658,189.72
41,2024-05-31,16852,665.9
157,2024-04-17,12551,882.28
15,2024-07-06,81947,815.06
45,2024-10-27,71001,686.71
65,2024-04-07,59159,114.88
89,2024-05-10,61707,292.74
71,2024-10-19,43243,313.26
9,2024-06-19,31800,253.71
88,2024-07-01,85939,517.43
129,2024-12-29,67828,537.88
136,2024-02-08,17239,360.1
63,2024-01-15,16710,357.02
139,2024-01-04,31384,829.41
81,2024-12-14,31038,790.35
136,2024-07-28,50846,311.26
163,2024-06-09,97983,914.22
163,2024-01-16,77821,953.05
33,2024-04-17,47991,330.11
123,2024-11-06,89057,357.65
5,2024-08-14,16971,508.11
41,2024-06-18,39139,941.42
28,2024-02-03,95445,876.94
135,2024-09-07,87067,107.06
72,2024-09-03,90257,395.77
12,2024-09-25,94742,555.6
162,2024-05-20,47711,505.62
33,2024-09-30,16530,197.89
48,2024-04-05,21116,859.52
151,2024-08-14,75794,678.56
62,2024-02-08,10282,838.72
37,2024-10-28,89473,859.47
99,2024-01-29,11898,749.61
172,2024-11-13,14135,442.01
104,2024-09-01,16629,612.49
35,2024-08-23,95120,164.56
193,2024-07-03,99087,675.28
101,2024-09-28,75031,183.36
175,2024-08-23,43380,695.48
131,2024-08-26,27071,233.45
1,2024-09-22,30074,121.96
5,2024-12-24,77843,169.46
142,2024-12-05,49901,6.98
103,2024-03-05,21205,720.15
27,2024-06-25,65661,733.74
137,2024-01-03,15906,517.36
15,2024-05-21,12591,165.56
90,2024-06-06,72987,88.14
42,2024-11-19,73370,24.03
124,2024-05-25,90685,169.92
179,2024-10-19,64400,891.4
63,2024-06-01,35150,245.33
96,2024-07-11,41852,357.5
52,2024-03-13,52870,109.82
96,2024-10-31,62756,226.25
132,2024-12-09,66481,521.63
151,2024-05-19,11283,609.71
143,2024-07-05,43691,249.13
171,2024-10-19,11125,62.44
29,2024-03-01,77065,394.08
36,2024-07-16,36170,238.03
13,2024-10-21,18438,223.46
160,2024-11-14,30095,960.06
71,2024-10-28,26154,618.22
187,2024-12-09,18004,559.09
86,2024-01-11,19752,418.7
28,2024-03-02,65426,431.8
66,2024-11-28,36819,543.2
170,2024-08-13,34217,697.95
45,2024-06-01,98708,703.64
62,2024-07-17,42994,175.84
185,2024-02-21,25036,502.61
134,2024-09-16,87275,414.9
28,2024-02-28,59416,871.17
28,2024-03-12,19587,633.26
108,2024-05-27,10645,534.84
44,2024-12-14,40930,119.82
84,2024-03-03,91835,607.61
30,2024-11-05,40090,121.62
190,2024-08-30,97489,340.52
75,2024-12-31,62142,147.13
128,2024-11-25,36475,693.61
92,2024-04-16,28888,210.22
190,2024-08-13,53732,394.9
129,2024-11-08,91623,896.2
121,2024-08-05,56305,208.29
27,2024-08-28,56037,510.27
190,2024-09-15,19346,422.18
121,2024-09-18,10587,23.03
116,2024-01-05,22763,793.79
3,2024-09-17,69165,73.7
103,2024-02-23,79615,476.88
198,2024-02-16,46116,562.87
200,2024-08-02,95751,630.28
155,2024-06-25,35556,690.19
137,2024-01-09,69042,257.01
62,2024-04-08,28099,14.93
165,2024-01-20,55096,724.83
51,2024-08-28,81986,537.98
172,2024-03-01,23230,836.94
152,2024-06-26,39009,822.28
59,2024-12-03,80969,844.11
118,2024-03-02,43866,487.67
160,2024-05-24,94246,336.96
96,2024-08-03,86975,792.6
180,2024-01-03,51855,454.04
113,2024-06-08,91557,187.52
62,2024-08-14,16416,855.7
186,2024-09-25,82516,883.15
52,2024-04-29,65915,468.98
12,2024-03-29,28058,80.32
39,2024-11-24,86637,390.89
130,2024-03-08,50718,804.52
131,2024-12-22,42602,902.27
113,2024-04-07,84658,207.46
101,2024-09-23,88112,71.64
113,2024-04-14,68067,877.96
184,2024-11-18,37516,392.46
81,2024-05-02,97969,544.05
187,2024-01-29,11089,968.23
113,2024-05-16,47346,71.23
2,2024-07-13,84663,650.08
130,2024-08-13,20487,78.73
54,2024-11-27,10155,378.59
87,2024-06-18,77494,804.8
129,2024-01-09,86229,436.3
147,2024-02-09,48547,997.2
126,2024-01-25,38795,561.26
130,2024-09-17,65296,324.56
53,2024-08-13,31447,224.01
172,2024-05-03,46598,353.77
160,2024-02-07,51814,375.67
198,2024-11-23,85330,73.37
160,2024-09-07,97960,372.73
68,2024-06-24,73278,466.92
183,2024-03-30,65077,724.12
184,2024-02-06,81906,658.45
123,2024-11-11,19528,710.22
145,2024-06-24,60100,13.32
38,2024-10-10,18179,221.58
24,2024-03-21,58781,663.38
69,2024-04-23,65267,486.57
116,2024-02-09,92379,10.29
98,2024-10-27,33952,805.47
198,2024-08-11,63798,773.95
139,2024-11-13,60939,550.68
144,2024-12-14,39516,71.13
97,2024-04-24,66526,767.68
124,2024-07-04,20449,585.8
187,2024-11-18,60290,783.05
70,2024-02-25,96661,752.99
93,2024-02-09,82954,803.99
3,2024-12-19,32746,520.42
148,2024-02-09,77990,144.62
187,2024-12-12,68810,672.8
164,2024-08-24,93297,622.37
147,2024-10-15,25223,743.54
90,2024-09-18,82237,174.03
195,2024-08-03,12597,199.0
147,2024-05-26,75677,890.96
148,2024-12-01,12659,751.23
96,2024-06-16,96516,908.69
199,2024-04-01,84567,759.92
52,2024-12-18,25037,599.17
161,2024-02-28,56738,655.86
168,2024-02-28,81678,889.68
128,2024-10-30,22109,580.91
39,2024-06-17,32010,634.23
82,2024-09-25,18787,160.69
104,2024-12-28,18472,476.55
129,2024-02-14,33383,717.82
11,2024-12-10,71709,274.59
185,2024-06-29,79785,206.24
178,2024-06-18,44518,317.26
151,2024-12-21,63909,245.29
159,2024-07-09,28351,218.84
42,2024-06-03,79624,427.73
99,2024-07-06,63330,908.3
7,2024-01-07,25282,509.52
144,2024-05-12,94866,191.98
90,2024-08-22,31778,81.59
112,2024-02-14,34264,697.68
60,2024-11-09,69675,385.88
113,2024-09-05,15075,822.72
2,2024-01-31,85948,661.21
129,2024-01-23,58454,797.26
48,2024-06-08,38365,275.59
140,2024-12-28,82766,693.9
197,2024-06-06,58200,267.74
37,2024-02-08,21002,939.37
160,2024-03-22,23947,638.19
9,2024-12-21,89222,327.89
99,2024-09-14,88610,273.16
147,2024-07-24,62142,194.97
48,2024-03-17,66307,696.17
131,2024-01-12,14493,222.62
148,2024-10-21,60085,597.33
152,2024-08-11,44228,268.31
54,2024-01-13,89676,663.66
120,2024-02-15,61875,815.87
161,2024-06-03,41655,779.14
152,2024-04-22,53472,762.05
116,2024-08-20,59437,191.78
75,2024-01-17,59416,92.94
113,2024-12-25,69711,700.45
200,2024-08-10,16816,371.51
164,2024-12-19,87175,435.18
166,2024-07-06,74307,35.99
104,2024-12-09,56733,263.28
84,2024-12-30,21240,38.51
112,2024-06-11,81363,879.79
99,2024-11-21,42762,247.18
153,2024-03-14,18259,559.55
93,2024-08-20,60139,43.78
146,2024-08-11,24849,668.51
128,2024-11-14,91768,326.41
110,2024-02-29,99709,898.43
82,2024-11-30,64869,888.68
194,2024-08-09,73095,328.66
54,2024-02-06,80910,901.46
163,2024-10-04,96710,996.18
189,2024-07-14,33567,826.29
169,2024-12-17,45292,845.65
161,2024-08-29,84813,252.76
68,2024-11-19,61631,578.82
33,2024-08-06,19885,71.92
142,2024-07-10,69659,99.44
21,2024-01-17,64306,998.9
48,2024-01-12,76314,330.01
148,2024-07-11,75087,749.44
128,2024-01-22,39165,807.63
136,2024-04-29,68929,858.73
135,2024-07-28,77028,997.64
195,2024-11-01,59812,245.29
145,2024-09-26,60500,45.15
128,2024-07-10,89151,414.14
33,2024-06-23,68643,134.43
176,2024-10-11,54900,27.31
187,2024-07-22,52946,363.62
115,2024-06-12,17851,784.82
119,2024-09-07,26288,568.35
22,2024-08-14,82692,316.21
158,2024-01-07,77580,656.07
38,2024-01-29,17368,235.86
109,2024-02-02,95436,19.31
51,2024-05-13,56403,765.53
182,2024-03-19,19168,625.62
8,2024-02-27,96497,763.49
27,2024-01-26,59879,43.74
27,2024-08-13,69871,837.93
21,2024-10-11,99388,621.43
30,2024-01-04,42174,565.58
97,2024-04-08,16581,626.49
28,2024-02-08,81853,865.11
111,2024-09-27,74046,589.0
192,2024-10-11,59678,583.05
197,2024-06-05,36649,990.73
61,2024-03-15,98668,757.95
48,2024-10-14,92325,445.08
147,2024-05-09,24567,708.86
4,2024-06-23,90404,392.28
35,2024-03-24,99906,232.73
192,2024-01-22,71944,598.87
49,2024-01-27,88002,928.54
17,2024-07-13,38803,929.49
172,2024-12-02,28230,345.2
158,2024-08-23,27862,530.04
46,2024-04-01,53355,215.58
117,2024-01-21,41259,995.65
6,2024-10-29,97445,981.21
99,2024-12-22,40795,651.26
124,2024-03-24,18770,805.39
37,2024-09-18,21093,716.52
24,2024-05-26,56571,595.19
93,2024-09-13,10193,58.08
46,2024-02-27,27569,457.49
181,2024-01-15,21190,676.41
95,2024-06-10,72824,679.14
99,2024-06-11,52752,376.26
188,2024-11-15,42327,941.98
116,2024-10-07,52070,171.52
191,2024-10-06,95925,502.86
160,2024-01-12,50197,692.43
161,2024-09-30,12261,698.65
67,2024-09-27,36512,650.4
128,2024-07-26,16716,278.91
18,2024-01-27,96795,160.43
25,2024-03-12,38933,637.76
54,2024-02-29,14378,601.31
58,2024-05-24,50583,183.46
67,2024-04-02,95371,706.61
104,2024-11-04,39033,457.9
174,2024-01-08,34000,669.42
24,2024-03-19,85868,838.18
114,2024-01-27,52604,173.88
32,2024-06-22,78336,24.05
175,2024-02-19,83869,780.21
86,2024-07-17,15410,611.65
151,2024-12-14,93375,701.14
194,2024-06-29,66044,838.96
127,2024-01-24,73315,803.8
155,2024-11-11,81344,961.12
130,2024-02-15,16796,538.26
17,2024-01-15,96716,491.05
104,2024-06-01,64245,404.88
161,2024-08-09,53056,157.92
137,2024-07-24,27709,574.74
43,2024-09-29,68557,280.63
176,2024-08-23,27543,921.7
39,2024-12-05,47418,585.27
170,2024-08-15,26724,594.88
26,2024-01-09,13828,358.15
99,2024-06-14,27087,56.73
50,2024-11-14,22605,36.59
153,2024-08-01,41337,426.22
152,2024-04-26,15482,89.14
13,2024-12-09,75333,608.81
60,2024-03-12,98296,881.57
135,2024-03-04,60952,883.5
57,2024-07-23,15463,660.75
36,2024-07-27,80448,215.18
173,2024-03-12,14648,863.68
20,2024-10-03,43623,886.66
65,2024-09-30,69156,200.67
8,2024-11-15,45634,738.74
144,2024-12-03,54602,290.09
142,2024-12-31,59334,803.63
115,2024-04-04,78648,997.25
143,2024-06-14,32054,34.88
92,2024-02-01,80028,897.88
98,2024-01-11,32207,624.52
66,2024-10-27,90650,973.52
32,2024-08-04,91554,467.68
191,2024-10-15,31386,848.15
86,2024-04-11,93276,67.08
51,2024-09-23,69518,338.6
153,2024-08-01,62781,71.68
186,2024-06-27,62780,975.47
63,2024-03-28,71440,817.89
190,2024-02-10,54199,853.28
125,2024-03-16,71035,938.28
150,2024-02-15,18210,89.68
58,2024-06-08,54363,388.67
58,2024-03-20,88279,75.68
86,2024-11-05,70348,214.74
49,2024-03-26,65284,233.22
180,2024-04-01,82124,471.76
170,2024-05-27,78847,272.22
70,2024-06-09,32432,105.47
15,2024-07-20,74089,171.65
54,2024-08-29,65398,151.54
188,2024-12-18,13321,973.21
101,2024-01-02,91348,760.5
8,2024-08-12,47383,967.92
53,2024-10-15,88682,442.54
60,2024-08-20,89190,281.98
108,2024-03-17,62893,799.3
5,2024-04-25,45820,329.62
103,2024-06-02,76262,302.89
196,2024-04-12,13760,236.34
6,2024-07-12,32190,134.03
109,2024-06-14,77411,260.18
116,2024-12-24,33377,358.54
94,2024-03-30,56737,675.62
47,2024-06-22,79569,67.25
99,2024-05-01,48211,214.45
55,2024-05-22,92909,809.98
168,2024-04-15,13744,151.19
52,2024-10-31,34995,345.93
144,2024-12-25,26977,865.34
13,2024-11-12,44542,159.15
114,2024-05-02,20651,87.32
124,2024-01-09,88931,487.12
106,2024-09-18,26715,305.91
158,2024-03-13,54409,565.59
147,2024-12-24,34306,804.79
145,2024-08-10,29086,141.46
120,2024-02-10,24376,582.8
63,2024-07-22,71350,507.98
19,2024-09-20,81425,148.36
92,2024-11-23,46636,625.88
58,2024-06-26,96120,277.27
183,2024-12-13,61649,490.4
90,2024-11-13,44610,86.86
117,2024-03-24,20058,462.29
62,2024-11-13,84637,309.93
23,2024-04-20,88033,823.27
127,2024-09-07,80194,61.69
137,2024-01-07,86917,421.51
140,2024-03-24,74200,461.14
129,2024-07-26,56619,726.38
58,2024-11-09,27154,576.42
122,2024-01-22,29539,668.88
1,2024-01-03,70058,778.16
34,2024-05-06,72068,862.89
96,2024-10-23,87313,317.31
126,2024-07-06,40373,540.33
118,2024-12-27,43154,840.91
48,2024-01-14,16031,989.5
89,2024-01-12,81975,890.07
117,2024-03-27,32785,374.61
129,2024-01-12,88928,199.19
16,2024-01-25,38669,491.95
189,2024-10-27,12282,742.93
192,2024-08-30,44624,495.11
191,2024-05-01,58438,485.76
69,2024-05-26,99900,839.04
22,2024-02-24,77534,364.6
93,2024-08-25,41705,860.5
195,2024-12-21,48244,409.77
76,2024-06-21,84964,331.59
154,2024-08-08,47437,456.72
144,2024-04-28,87872,763.63
179,2024-11-04,84878,130.37
86,2024-07-01,82982,200.44
185,2024-10-14,60583,951.69
29,2024-11-02,48392,179.61
69,2024-10-26,17461,569.89
47,2024-03-22,20516,581.42
94,2024-07-29,89285,492.18
190,2024-05-29,27514,646.52
197,2024-02-06,46268,233.68
144,2024-12-17,46788,554.9
176,2024-11-07,85749,375.31
85,2024-12-26,71049,663.36
39,2024-02-28,72493,145.52
100,2024-05-10,46027,573.02
33,2024-07-20,52849,189.34
101,2024-08-30,27858,282.25
23,2024-02-04,94162,222.62
10,2024-04-02,89003,186.92
69,2024-07-25,62395,826.58
100,2024-12-18,49758,289.28
34,2024-11-27,64312,927.49
180,2024-10-31,78670,970.08
138,2024-12-15,92279,573.4
147,2024-07-31,25434,147.29
186,2024-06-07,74047,377.68
96,2024-01-24,57775,798.74
1,2024-10-19,85769,370.55
69,2024-01-04,76677,91.58
4,2024-08-07,93555,559.0
16,2024-12-29,95920,845.9
24,2024-01-20,55734,796.95
80,2024-05-31,98503,179.25
2,2024-02-19,50603,674.4
128,2024-06-25,86708,224.4
160,2024-04-05,91926,222.12
84,2024-04-14,78803,874.7
152,2024-09-06,49332,253.42
140,2024-04-26,31312,266.93
178,2024-12-19,94526,5.65
163,2024-08-15,54179,871.32
124,2024-03-06,81442,793.63
33,2024-11-30,50379,629.19
161,2024-09-18,27297,751.51
189,2024-10-21,12011,156.29
179,2024-08-30,54014,461.03
171,2024-07-04,21738,354.46
101,2024-09-02,57498,98.31
12,2024-05-04,21120,488.7
67,2024-09-24,18767,921.14
65,2024-05-10,32852,44.86
161,2024-08-24,89239,295.0
168,2024-01-18,10929,211.5
74,2024-02-09,87487,241.96
43,2024-01-21,27438,908.89
44,2024-08-12,58515,470.73
29,2024-12-20,15744,468.97
141,2024-10-08,93820,761.77
12,2024-01-08,52417,158.72
95,2024-04-09,17069,489.83
46,2024-08-27,52359,432.84
130,2024-03-27,29799,598.93
35,2024-10-24,80188,999.56
81,2024-01-14,99859,770.6
90,2024-11-29,17597,400.88
8,2024-01-02,57093,828.42
93,2024-10-19,47226,174.85
154,2024-11-20,82127,35.31
90,2024-02-10,87362,208.43
162,2024-11-13,36417,343.71
115,2024-11-11,28693,513.03
105,2024-04-20,89674,617.05
135,2024-01-14,63161,911.05
196,2024-08-18,12169,512.3
58,2024-03-24,94092,503.77
114,2024-05-09,32052,54.99
75,2024-08-18,81849,39.74
157,2024-11-21,83851,553.4
120,2024-05-24,18036,440.99
164,2024-12-10,41778,839.98
21,2024-01-28,37734,164.88
164,2024-03-06,33173,29.85
138,2024-06-11,40403,451.79
101,2024-08-16,76321,241.29
152,2024-09-17,81675,54.37
192,2024-06-12,16344,725.98
177,2024-10-27,28800,116.04
99,2024-10-29,35372,610.28
36,2024-10-13,71516,284.64
96,2024-01-10,30538,177.63
152,2024-07-13,73918,382.85
151,2024-04-27,24973,802.44
190,2024-09-26,81155,395.13
37,2024-03-20,69500,752.02
12,2024-04-02,46575,129.86
113,2024-09-22,52261,773.91
183,2024-11-27,37716,240.75
13,2024-12-15,13236,679.01
23,2024-12-26,25848,567.95
99,2024-09-13,12352,929.5
105,2024-05-12,11932,390.39
30,2024-10-02,86449,70.83
17,2024-09-20,18556,24.06
113,2024-06-19,96836,827.72
62,2024-01-01,15498,527.11
84,2024-11-08,86118,776.37
112,2024-03-04,60098,238.25
86,2024-10-10,74386,348.36
141,2024-04-30,19569,34.95
187,2024-04-16,66882,961.68
19,2024-06-23,80393,669.53
177,2024-07-22,10340,933.54
100,2024-06-13,53949,269.17
140,2024-10-31,92302,613.41
189,2024-04-29,72443,680.11
147,2024-02-13,84027,320.96
76,2024-11-07,10138,848.87
9,2024-06-04,10358,947.43
199,2024-07-25,85250,885.43
28,2024-04-17,95376,740.37
128,2024-09-07,40654,281.08
52,2024-11-29,35879,285.21
83,2024-05-09,91532,963.54
111,2024-10-19,65778,15.23
144,2024-01-20,47772,717.47
117,2024-10-08,68478,707.71
69,2024-10-11,74353,624.58
99,2024-01-01,36762,990.16
140,2024-04-28,23283,315.32
25,2024-02-04,73922,343.27
180,2024-07-16,49420,83.54
123,2024-09-01,65568,445.58
53,2024-02-28,95090,264.74
151,2024-11-20,30219,346.67
144,2024-06-09,67169,835.4
57,2024-06-27,84965,935.81
39,2024-07-24,56840,189.8
109,2024-01-12,54695,375.65
181,2024-10-02,94754,928.99
42,2024-06-29,87988,66.5
186,2024-08-29,68342,96.9
167,2024-08-03,28951,166.98
142,2024-09-07,11307,597.24
122,2024-10-25,90388,154.72
133,2024-05-05,45428,968.24
163,2024-08-04,85774,449.48
75,2024-11-01,48975,504.01
146,2024-10-11,11140,250.43
76,2024-07-03,34842,473.61
9,2024-02-08,36421,663.6
74,2024-08-10,11708,752.42
186,2024-07-02,13630,755.1
145,2024-06-26,29595,580.0
7,2024-10-20,86021,904.84
174,2024-12-05,38308,818.32
141,2024-05-30,54789,758.26
168,2024-05-05,65690,60.33
170,2024-10-27,36086,11.84
137,2024-11-03,26859,216.39
178,2024-12-01,17684,665.21
27,2024-08-21,11207,414.14
122,2024-01-08,56099,405.39
194,2024-12-06,77496,885.16
5,2024-05-08,76093,896.09
29,2024-09-20,39689,909.63
165,2024-06-05,58651,317.31
166,2024-12-17,23893,692.6
83,2024-12-23,76418,275.28
136,2024-01-05,70011,194.66
109,2024-03-26,48635,188.71
65,2024-06-23,66115,345.4
86,2024-10-16,88405,432.81
145,2024-07-11,82702,831.79
71,2024-11-06,88518,124.29
45,2024-04-28,82805,736.25
132,2024-08-05,68954,533.8
36,2024-04-23,38064,291.51
70,2024-05-24,89063,495.36
159,2024-01-26,12454,303.44
19,2024-05-15,30878,598.1
189,2024-10-29,61098,436.67
108,2024-08-19,72154,168.58
182,2024-03-16,22991,121.0
167,2024-11-23,78344,548.96
91,2024-12-10,46593,902.9
90,2024-10-28,46304,347.24
19,2024-10-15,40386,734.34
39,2024-01-01,65220,660.37
126,2024-05-26,79338,931.9
195,2024-10-13,31083,821.88
173,2024-05-21,28354,568.77
141,2024-02-22,32190,658.75
126,2024-10-30,16142,898.89
58,2024-03-09,38398,402.52
148,2024-12-26,61971,330.16
200,2024-03-30,51862,15.76
61,2024-08-07,63410,827.42
127,2024-07-10,29503,801.98
105,2024-03-03,58456,108.93
167,2024-03-13,92035,578.97
1,2024-06-09,18016,466.66
131,2024-06-17,12384,123.12
92,2024-03-29,72320,980.67
190,2024-06-24,25072,218.62
191,2024-09-25,90018,71.9
113,2024-03-13,50510,596.87
153,2024-09-01,58933,740.17
56,2024-03-17,31826,37.28
161,2024-06-07,78026,660.42
166,2024-11-19,35518,534.63
117,2024-04-07,34045,107.75
134,2024-04-11,60876,176.66
58,2024-05-11,61919,570.13
44,2024-04-11,37103,299.88
173,2024-01-19,46188,938.62
160,2024-03-22,15845,819.65
173,2024-10-05,96698,983.65
61,2024-12-04,46674,263.37
47,2024-12-30,29337,969.88
149,2024-11-26,32313,434.08
80,2024-05-08,36943,350.78
118,2024-12-09,87949,55.1
164,2024-11-05,10276,57.5
147,2024-03-29,61151,693.55
20,2024-07-31,27611,460.64
185,2024-05-22,21944,230.39
146,2024-03-05,62887,615.9
47,2024-03-16,91442,256.59
49,2024-07-17,59847,579.74
14,2024-05-22,68653,362.41
143,2024-11-11,96072,824.43
159,2024-04-02,66622,821.59
1,2024-10-31,37810,479.96
117,2024-08-11,87842,354.07
54,2024-10-17,20503,365.75
118,2024-04-11,94761,806.69
3,2024-09-23,46976,331.54
144,2024-12-20,21590,213.01
185,2024-04-19,20886,89.26
12,2024-11-25,22866,469.36
74,2024-09-21,76624,484.72
16,2024-01-03,78899,841.7
200,2024-03-25,42792,225.13
102,2024-10-08,19764,384.09
152,2024-11-23,96156,809.36
156,2024-10-30,52727,824.51
117,2024-04-26,88471,387.69
8,2024-08-08,18068,461.83
122,2024-06-02,17295,306.77
92,2024-06-01,51160,932.89
164,2024-01-12,21390,123.05
90,2024-05-12,30131,934.08
136,2024-10-30,85969,685.45
186,2024-10-19,25038,533.91
60,2024-10-26,62327,37.5
178,2024-08-15,87064,478.22
28,2024-09-27,31281,410.71
101,2024-02-12,64189,165.41
41,2024-12-08,58511,658.13
192,2024-11-21,18605,971.3
155,2024-10-28,11381,564.38
191,2024-12-29,76634,716.18
145,2024-01-21,29810,73.11
161,2024-04-16,34322,420.58
157,2024-12-01,51869,120.78
141,2024-10-29,42955,614.73
46,2024-04-26,71388,938.79
35,2024-05-03,20207,663.47
134,2024-10-07,97329,81.42
82,2024-10-18,77628,357.89
115,2024-07-21,38220,552.91
197,2024-02-20,94050,406.19
47,2024-09-27,84085,834.48
153,2024-11-19,32031,815.6
194,2024-10-03,80721,613.77
10,2024-05-20,90807,376.59
56,2024-10-01,81312,259.06
30,2024-10-16,69766,110.34
109,2024-11-29,22449,358.12
5,2024-02-21,99833,416.11
119,2024-01-27,66699,677.44
33,2024-06-05,91253,659.87
118,2024-08-26,56092,74.76
65,2024-06-04,73671,398.28
146,2024-10-17,20350,185.87
177,2024-05-15,78487,161.03
11,2024-05-23,27622,828.17
85,2024-04-15,80263,46.71
26,2024-06-06,63117,422.09
63,2024-05-25,68394,172.36
86,2024-01-02,33782,879.93
59,2024-03-17,38454,559.26
27,2024-05-11,77904,235.22
177,2024-03-30,25592,504.92
161,2024-12-10,32173,732.83
98,2024-12-15,43204,958.33
105,2024-09-19,45596,224.34
99,2024-12-16,44324,886.75
129,2024-04-17,71202,934.63
149,2024-03-14,99400,916.84
55,2024-02-08,40750,637.24
6,2024-06-07,86112,631.67
197,2024-03-11,26566,406.19
95,2024-11-07,17190,753.64
133,2024-08-28,98607,533.64
102,2024-10-24,48333,679.05
3,2024-02-05,90905,431.32
181,2024-03-24,99571,732.84
23,2024-09-19,11589,825.35
53,2024-11-05,35235,150.7
165,2024-06-20,10159,833.77
83,2024-06-21,22145,542.6
145,2024-12-27,90909,845.44
85,2024-02-16,41921,434.15
78,2024-05-20,26237,382.15
110,2024-04-27,18244,915.49
1,2024-10-03,24743,254.91
51,2024-08-01,56101,844.99
173,2024-08-07,94227,486.6
4,2024-01-26,66378,516.52
190,2024-01-09,81126,311.93
193,2024-09-27,66071,575.18
113,2024-01-10,81121,328.59
32,2024-04-30,84763,44.07
34,2024-05-04,22237,275.64
92,2024-06-18,25649,11.35
95,2024-03-12,47713,978.46
72,2024-05-31,83463,965.92
39,2024-07-26,55409,398.18
154,2024-02-18,58766,729.73
162,2024-06-02,56154,349.08
182,2024-12-12,17016,672.74
118,2024-10-19,89563,806.4
3,2024-03-08,58688,947.02
123,2024-02-19,99678,403.21
50,2024-05-31,64238,784.38
12,2024-01-19,68608,269.6
193,2024-04-09,99081,990.38
54,2024-02-29,41897,30.64
133,2024-06-15,60961,605.51
57,2024-07-20,78703,661.21
145,2024-12-10,54757,689.61
112,2024-05-25,36917,124.79
47,2024-06-12,32736,938.84
151,2024-08-29,37990,185.28
85,2024-03-09,72551,624.64
142,2024-06-23,68161,226.56
66,2024-02-18,89623,310.68
75,2024-04-17,32440,548.73
179,2024-08-13,45205,420.11
103,2024-06-09,90811,164.42
166,2024-04-28,65103,175.08
192,2024-05-28,80812,421.05
38,2024-05-29,51627,758.5
50,2024-10-19,29008,898.47
98,2024-05-22,81274,88.71
82,2024-06-08,42402,396.14
30,2024-01-11,63384,104.74
79,2024-05-17,15793,21.51
91,2024-03-18,15571,663.41
179,2024-03-17,26209,604.44
191,2024-09-10,53148,167.2
52,2024-09-14,12224,237.64
166,2024-11-15,58695,28.59
79,2024-10-17,42441,835.77
30,2024-09-19,49129,974.82
106,2024-03-25,72368,139.78
51,2024-05-25,54760,235.32
81,2024-11-18,33478,869.07
133,2024-02-11,81854,926.83
29,2024-05-04,95716,422.53
132,2024-06-15,22180,55.37
138,2024-08-28,25372,44.19
184,2024-10-06,39796,576.08
145,2024-07-06,68272,395.93
74,2024-10-28,99963,33.51
17,2024-01-19,64040,585.34
84,2024-03-08,85357,16.25
69,2024-08-05,81368,788.44
34,2024-04-11,88356,309.9
6,2024-02-11,26211,45.06
53,2024-10-14,15842,590.41
194,2024-06-15,73115,400.7
126,2024-04-18,76852,973.93
43,2024-02-05,55968,546.48
115,2024-08-19,27508,278.86
111,2024-08-16,32005,710.89
151,2024-12-18,64575,275.13
183,2024-06-12,90742,904.72
80,2024-03-13,28971,377.85
95,2024-05-15,35599,552.12
118,2024-12-18,97592,55.32
144,2024-03-10,76914,428.99
8,2024-07-14,77055,833.2
132,2024-09-25,97697,806.62
104,2024-02-18,15355,228.2
132,2024-11-11,64120,229.95
184,2024-05-09,84619,818.22
25,2024-01-05,48342,930.75
195,2024-01-27,95992,99.88
96,2024-06-08,88860,452.81
195,2024-05-28,12257,340.77
155,2024-09-20,37364,871.34
93,2024-08-17,34972,88.11
160,2024-07-18,36654,215.07
178,2024-02-19,90769,753.71
61,2024-03-07,91423,56.04
122,2024-10-26,39320,495.07
51,2024-02-27,30808,444.9
147,2024-09-15,62389,337.73
21,2024-12-07,44773,397.6
5,2024-11-21,61168,532.29
92,2024-05-09,37747,165.56
170,2024-08-02,86396,574.14
61,2024-06-20,93692,806.41
22,2024-09-14,67505,761.36
149,2024-04-11,95896,158.13
70,2024-07-27,28135,153.5
1,2024-10-17,57377,271.83
133,2024-12-19,33554,364.27
12,2024-10-12,72491,411.41
90,2024-04-25,65621,681.3
46,2024-09-20,68283,61.4
34,2024-05-29,95140,39.5
177,2024-10-26,26923,394.95
78,2024-02-05,57591,698.68
45,2024-11-28,72261,197.47
155,2024-10-13,64336,643.3
73,2024-10-29,84083,263.53
26,2024-11-06,70948,886.66
47,2024-07-26,43002,896.21
121,2024-04-15,90098,300.8
56,2024-06-06,83016,233.84
94,2024-04-30,36672,414.25
107,2024-02-24,14213,244.33
63,2024-01-12,20293,674.02
48,2024-05-24,65860,826.93
61,2024-05-15,72507,674.73
81,2024-01-03,67134,825.23
26,2024-05-23,12100,400.01
36,2024-01-30,71997,160.54
1,2024-08-24,38172,739.26
8,2024-10-05,30132,363.67
113,2024-12-13,28199,672.91
99,2024-04-24,46609,274.29
180,2024-04-13,52965,85.82
47,2024-04-27,18016,992.62
127,2024-01-05,49779,160.42
56,2024-12-25,41881,988.48
14,2024-09-04,92594,977.39
28,2024-12-29,34472,794.85
78,2024-11-16,61813,661.13
130,2024-04-30,46021,579.92
109,2024-10-12,64131,866.77
154,2024-05-28,34087,292.99
14,2024-03-24,22828,470.34
187,2024-08-18,71610,621.29
56,2024-10-14,11401,414.13
115,2024-06-09,95179,430.35
7,2024-09-28,25193,333.63
3,2024-02-07,54864,566.41
111,2024-08-13,30307,851.32
151,2024-05-21,29611,205.52
107,2024-10-18,53791,934.76
18,2024-05-30,21950,690.64
38,2024-04-23,86240,824.16
115,2024-08-24,87403,558.41
15,2024-03-06,12745,780.62
192,2024-12-26,65243,21.12
119,2024-12-06,13866,819.29
28,2024-09-14,42245,44.94
39,2024-09-05,54724,890.46
185,2024-11-26,81354,992.0
17,2024-11-18,61374,297.6
86,2024-06-28,40116,214.27
126,2024-07-08,91029,766.54
44,2024-06-02,30447,256.76
25,2024-07-14,40431,866.23
145,2024-11-06,27908,107.33
13,2024-09-18,39336,130.33
25,2024-05-22,50992,979.26
68,2024-12-07,65350,675.47
138,2024-11-11,79561,847.65
67,2024-04-10,61955,327.71
109,2024-08-31,71240,678.1
146,2024-01-12,30093,596.27
111,2024-08-26,16155,605.13
111,2024-02-18,56607,684.12
34,2024-02-11,43487,577.48
111,2024-06-14,65668,431.92
8,2024-03-22,30963,279.54
168,2024-10-17,60124,769.74
113,2024-06-06,62870,230.14
83,2024-08-03,66547,693.89
42,2024-06-06,74110,237.17
169,2024-05-13,63554,627.2
101,2024-03-07,30936,748.34
6,2024-12-01,14426,222.62
180,2024-01-07,98839,64.64
26,2024-01-14,37606,135.32
64,2024-03-13,57832,607.97
187,2024-06-11,38151,850.2
184,2024-03-06,89303,49.77
59,2024-12-12,21308,735.48
109,2024-05-09,72522,344.61
198,2024-07-24,55671,481.14
121,2024-10-02,12204,929.22
33,2024-09-12,97265,335.31
181,2024-09-22,41131,468.01
150,2024-01-25,62428,18.61
21,2024-10-07,43870,86.19
198,2024-09-09,59067,262.3
70,2024-11-05,68585,32.71
112,2024-10-15,31607,633.22
4,2024-06-12,34968,429.27
94,2024-04-04,21908,550.4
75,2024-09-26,36423,178.77
190,2024-11-16,84707,299.45
62,2024-04-19,88257,665.51
94,2024-12-01,71215,965.48
95,2024-11-05,65835,55.16
152,2024-08-25,59429,890.93
55,2024-01-25,92152,579.0
137,2024-05-20,48458,566.1
131,2024-04-26,56169,502.78
31,2024-01-25,17659,74.05
40,2024-03-19,70614,94.43
36,2024-03-08,87240,602.91
152,2024-06-21,42793,344.25
6,2024-01-12,56473,917.68
66,2024-10-14,99388,409.56
75,2024-05-07,98330,147.57
4,2024-04-05,65751,716.15
79,2024-04-01,88915,296.89
134,2024-05-20,64254,527.84
118,2024-01-31,17006,699.34
113,2024-11-29,84218,900.76
94,2024-01-20,75344,793.23
179,2024-05-25,43840,677.98
62,2024-11-11,42430,681.24
185,2024-06-08,33091,946.2
194,2024-12-14,42983,299.34
79,2024-02-12,33989,6.11
136,2024-09-10,85451,275.59
26,2024-05-09,28990,221.8
179,2024-02-29,90360,663.53
173,2024-05-30,46081,635.54
44,2024-10-13,21033,595.49
133,2024-01-05,26241,21.16
70,2024-09-22,15939,730.13
154,2024-12-10,57562,326.91
118,2024-05-09,45063,666.73
68,2024-09-23,86721,558.8
19,2024-06-26,37045,346.02
20,2024-09-09,54769,138.9
113,2024-02-25,57118,98.95
140,2024-03-23,94703,832.36
47,2024-04-08,31625,918.81
1,2024-05-28,37076,651.54
90,2024-11-24,74805,107.92
142,2024-06-04,54605,405.02
64,2024-07-08,94565,730.29
38,2024-09-19,98509,780.92
37,2024-03-20,49121,122.63
126,2024-09-08,75101,5.03
139,2024-04-06,41433,713.58
100,2024-09-16,53309,359.81
77,2024-09-16,77468,258.21
3,2024-04-12,54254,17.83
161,2024-02-09,77293,542.6
134,2024-09-29,47853,851.89
178,2024-04-10,48405,957.84
10,2024-12-24,76652,567.92
5,2024-11-03,53527,516.89
151,2024-08-08,87227,89.63
138,2024-11-03,10492,551.13
172,2024-05-03,18811,383.08
130,2024-08-18,34272,609.1
13,2024-06-26,82010,391.78
168,2024-03-03,57153,244.1
130,2024-04-25,64110,99.49
84,2024-07-09,23979,318.34
65,2024-03-02,38328,101.16
63,2024-09-12,22867,181.01
101,2024-01-07,69234,987.4
73,2024-06-03,35851,446.88
17,2024-04-01,41279,534.21
9,2024-01-14,83402,874.25
143,2024-08-16,25449,995.59
152,2024-03-26,86221,584.8
38,2024-05-12,99080,813.41
163,2024-07-01,15451,330.31
94,2024-03-02,97178,309.22
95,2024-08-06,51316,405.69
49,2024-09-02,73064,674.14
69,2024-08-17,73761,683.78
62,2024-03-19,48870,318.66
188,2024-05-28,40873,137.54
178,2024-05-17,68627,634.23
78,2024-11-09,76155,132.68
117,2024-03-05,35372,580.6
120,2024-01-13,13642,694.96
137,2024-07-31,38001,702.11
162,2024-08-29,44064,754.7
76,2024-07-31,24122,873.5
35,2024-06-29,34820,502.46
1,2024-12-03,78431,731.6
40,2024-06-21,65745,621.08
64,2024-06-08,60081,190.71
150,2024-06-12,80902,30.56
60,2024-07-06,18711,288.12
64,2024-07-09,95132,445.82
93,2024-11-03,28793,619.02
72,2024-09-12,18199,850.71
11,2024-07-01,86253,200.26
105,2024-04-26,46191,129.92
14,2024-10-08,20211,963.66
60,2024-07-14,73069,112.5
30,2024-02-03,98896,481.1
35,2024-02-21,66746,587.64
165,2024-04-21,31542,543.67
5,2024-09-08,41312,90.6
83,2024-03-22,55242,61.74
123,2024-08-19,97893,109.96
78,2024-08-14,65388,587.66
154,2024-08-20,37691,546.62
62,2024-08-08,87960,237.57
132,2024-02-11,94388,639.59
89,2024-01-21,32601,820.97
42,2024-02-11,28020,46.37
89,2024-04-22,18155,500.64
146,2024-04-14,79119,690.86
40,2024-07-10,91051,256.05
72,2024-01-17,46777,311.23
39,2024-04-29,29710,615.57
104,2024-05-08,34532,898.45
14,2024-05-09,28601,810.87
32,2024-02-29,73227,585.21
179,2024-02-17,14967,731.57
125,2024-01-29,94289,368.0
166,2024-04-06,30022,642.76
97,2024-01-10,53463,468.85
23,2024-08-29,84671,193.99
63,2024-11-09,15722,703.23
143,2024-08-19,37413,558.68
153,2024-10-03,91050,361.83
145,2024-10-10,95867,911.78
194,2024-07-21,93596,25.83
53,2024-09-03,76732,319.19
104,2024-10-16,22297,61.6
104,2024-09-20,78323,767.69
179,2024-08-01,33816,703.6
39,2024-07-18,50695,334.7
179,2024-03-19,29702,677.28
198,2024-12-08,35242,398.96
134,2024-12-09,65841,757.47
67,2024-06-21,77712,456.91
135,2024-03-09,95663,415.22
179,2024-03-27,63574,935.06
200,2024-04-10,95744,254.62
42,2024-01-08,38482,124.85
192,2024-11-28,19171,586.62
15,2024-07-18,13696,969.48
111,2024-03-27,30058,380.95
157,2024-02-12,30313,66.73
33,2024-04-18,29149,342.61
155,2024-05-31,63521,508.4
164,2024-01-17,55740,166.11
157,2024-05-12,14956,659.81
38,2024-05-27,85731,997.76
185,2024-10-03,92612,454.48
97,2024-08-19,76641,357.95
155,2024-11-09,73811,403.7
183,2024-12-31,62160,119.57
33,2024-08-15,61313,883.86
196,2024-05-18,73232,417.75
86,2024-07-29,25417,390.34
66,2024-01-28,34729,661.39
10,2024-02-20,40099,444.82
5,2024-09-17,39961,649.99
123,2024-09-17,22602,66.14
74,2024-12-15,19256,814.65
97,2024-12-17,96120,940.8
118,2024-01-08,44681,650.52
38,2024-11-15,97440,954.79
141,2024-05-17,74789,155.68
159,2024-02-07,53361,480.03
47,2024-04-20,74503,603.8
109,2024-08-07,44540,583.83
180,2024-12-02,36536,404.45
184,2024-08-10,94700,341.39
15,2024-05-15,73043,131.19
157,2024-09-12,88532,394.78
136,2024-12-25,66575,166.85
5,2024-11-24,12871,735.69
157,2024-02-18,56002,212.79
47,2024-10-18,59812,63.27
68,2024-11-19,32626,554.6
76,2024-03-18,69979,597.25
173,2024-04-14,86057,872.55
130,2024-06-17,76668,579.1
155,2024-08-04,90070,348.75
95,2024-04-28,99390,804.0
115,2024-07-08,52998,542.58
164,2024-09-11,73814,83.88
36,2024-09-22,55607,568.02
26,2024-05-28,17812,908.48
43,2024-06-12,71844,399.33
27,2024-05-19,80093,299.84
69,2024-12-12,12179,147.75
148,2024-09-14,53798,155.69
11,2024-09-25,84601,435.61
74,2024-06-29,18275,597.7
104,2024-06-08,60574,85.21
38,2024-12-16,57857,939.87
134,2024-10-14,30700,756.36
200,2024-10-14,49464,588.69
23,2024-08-13,52351,829.3
47,2024-01-11,92534,84.79
90,2024-01-10,23869,479.45
46,2024-09-27,70315,631.94
107,2024-09-29,30954,829.51
140,2024-07-01,41555,784.55
141,2024-06-01,73353,280.68
104,2024-11-10,92190,941.18
190,2024-11-29,55026,128.72
111,2024-05-03,56976,875.76
104,2024-04-23,90578,971.09
60,2024-10-04,55095,181.27
171,2024-07-31,24270,723.46
100,2024-06-20,40908,45.08
68,2024-10-14,25523,408.4
133,2024-06-22,72433,518.7
120,2024-04-22,57068,582.74
37,2024-05-01,29991,936.26
72,2024-02-01,20775,673.89
127,2024-08-09,87801,483.87
106,2024-04-28,94995,810.63
92,2024-02-08,71250,950.78
31,2024-09-24,26673,26.96
122,2024-08-20,37056,982.61
137,2024-01-18,16614,90.7
51,2024-05-28,17415,815.31
29,2024-05-28,98691,283.93
40,2024-05-05,53884,136.52
41,2024-10-28,26964,442.66
11,2024-12-25,47726,645.74
151,2024-08-25,47044,384.05
1,2024-05-14,67149,59.29
46,2024-05-30,47544,601.46
101,2024-08-23,59976,902.89
149,2024-08-11,42252,386.3
90,2024-07-21,13832,220.25
110,2024-09-12,90437,445.36
164,2024-03-26,44148,53.12
182,2024-05-29,71240,821.39
57,2024-08-22,98454,827.21
1,2024-12-10,95076,590.06
63,2024-01-22,87116,356.34
182,2024-12-13,63459,800.78
55,2024-10-11,48402,556.91
115,2024-09-25,67727,826.8
168,2024-09-14,48578,633.3
143,2024-01-29,32318,785.48
149,2024-07-31,85715,600.57
175,2024-10-09,87787,417.07
53,2024-02-19,95029,958.16
137,2024-04-04,30466,543.41
180,2024-03-28,55475,607.06
57,2024-02-13,70142,224.39
117,2024-10-04,95160,627.52
154,2024-06-19,36564,573.75
169,2024-07-07,32412,188.91
35,2024-12-18,61001,64.29
63,2024-07-02,67649,606.34
25,2024-01-03,70957,764.87
90,2024-07-09,45517,525.78
75,2024-04-27,23156,230.64
38,2024-01-19,33064,668.19
130,2024-01-23,35711,84.71
135,2024-01-30,40106,444.62
162,2024-10-21,75458,167.55
91,2024-04-17,26589,188.54
17,2024-10-07,99272,206.28
128,2024-05-07,96511,389.77
171,2024-08-16,17214,55.89
187,2024-04-20,95731,400.8
108,2024-05-15,37127,514.15
179,2024-12-27,15141,485.88
182,2024-07-04,38884,385.87
152,2024-05-23,12708,839.95
25,2024-03-12,28375,149.6
199,2024-05-08,25088,508.17
180,2024-12-29,67615,66.73
198,2024-09-17,55046,75.8
88,2024-01-03,20014,576.0
161,2024-04-13,74425,568.19
177,2024-08-11,13273,878.64
29,2024-11-15,57135,560.08
63,2024-12-27,40881,959.99
150,2024-12-19,88077,53.45
154,2024-01-10,18712,102.52
156,2024-10-28,84704,48.85
114,2024-08-18,62874,189.35
49,2024-08-06,79087,543.56
199,2024-03-06,22297,647.34
81,2024-04-21,37128,50.36
84,2024-01-13,78368,946.24
105,2024-03-26,97599,842.95
177,2024-08-21,98499,300.13
148,2024-03-30,88958,81.8
118,2024-11-09,42920,174.04
86,2024-02-23,21156,131.31
63,2024-01-12,21108,127.67
189,2024-07-27,41845,520.97
104,2024-01-14,12800,249.62
49,2024-04-30,52712,361.35
71,2024-01-20,12610,989.56
1,2024-03-15,87603,685.89
141,2024-08-30,43872,949.24
179,2024-08-10,20728,146.84
123,2024-03-10,30583,385.23
184,2024-11-07,95774,556.96
62,2024-07-29,17263,81.37
32,2024-04-10,77450,9.17
158,2024-07-04,99285,672.08
29,2024-05-11,29456,643.61
49,2024-04-20,75942,413.73
173,2024-05-11,23689,492.2
30,2024-01-20,42934,418.37
144,2024-01-24,43276,28.89
168,2024-08-14,29873,338.69
19,2024-06-02,23050,181.2
18,2024-10-19,76216,102.93
1,2024-08-17,94444,956.94
78,2024-11-05,94040,601.36
115,2024-12-24,31644,730.01
175,2024-07-20,72021,318.79
194,2024-02-07,47125,396.18
113,2024-09-16,76899,240.74
114,2024-07-06,52291,101.48
166,2024-02-26,45060,183.14
179,2024-01-20,11538,798.53
63,2024-09-29,46176,679.16
132,2024-04-28,51520,549.19
129,2024-03-11,35675,477.71
8,2024-01-04,28287,922.82
157,2024-08-08,10174,77.37
55,2024-01-14,44998,284.2
103,2024-01-03,63312,353.19
131,2024-08-03,22112,783.51
32,2024-08-16,85225,992.55
10,2024-12-01,54814,244.47
110,2024-07-04,95091,874.94
162,2024-02-24,60719,831.47
124,2024-09-10,43919,228.53
87,2024-01-24,83155,402.34
55,2024-06-10,81569,412.62
32,2024-06-06,51328,978.33
178,2024-03-22,80482,184.99
135,2024-06-07,34618,800.16
93,2024-07-06,44675,337.52
8,2024-02-29,28919,732.22
65,2024-10-31,14173,422.91
57,2024-11-14,36400,580.47
67,2024-12-31,60445,833.45
187,2024-07-29,80305,805.14
72,2024-05-31,47564,867.09
54,2024-04-18,55814,64.32
67,2024-03-16,89747,693.59
51,2024-01-30,98791,144.29
97,2024-11-09,37962,418.74
92,2024-04-26,94892,550.85
8,2024-12-21,95842,405.73
162,2024-07-10,80533,522.01
35,2024-01-19,66184,996.54
96,2024-06-21,92912,139.54
88,2024-08-15,20578,677.08
78,2024-12-15,28624,399.02
32,2024-07-01,49194,137.34
120,2024-04-22,10389,162.94
46,2024-07-01,77391,949.53
144,2024-05-25,23794,880.2
196,2024-11-14,68002,907.51
165,2024-04-25,45531,991.58
182,2024-04-22,62815,212.27
142,2024-09-07,14986,358.66
55,2024-09-07,42298,670.87
176,2024-10-29,11481,486.38
7,2024-11-08,66408,421.3
74,2024-04-27,79267,361.02
7,2024-10-27,26835,595.81
161,2024-06-09,37798,577.72
151,2024-07-16,74887,165.65
85,2024-09-16,29477,474.38
147,2024-05-27,27266,555.7
112,2024-08-27,96328,572.44
125,2024-02-16,95988,214.06
147,2024-07-16,53526,743.56
36,2024-02-16,21889,30.07
29,2024-03-18,34335,358.06
188,2024-05-03,21254,781.31
82,2024-03-15,96610,566.07
2,2024-12-24,21442,264.86
129,2024-05-16,56289,696.48
47,2024-03-30,63747,569.55
197,2024-11-20,47327,797.26
148,2024-03-01,26199,736.35
11,2024-05-17,82827,612.06
130,2024-02-19,10112,490.74
195,2024-09-15,97051,137.52
119,2024-04-16,29581,265.03
140,2024-04-22,69722,422.0
20,2024-12-15,26523,601.3
5,2024-09-10,76960,516.14
37,2024-04-27,29552,291.74
166,2024-07-16,20808,11.43
137,2024-12-02,82525,498.76
53,2024-12-30,33620,289.2
172,2024-02-20,10887,735.94
99,2024-09-01,41802,28.83
86,2024-02-04,95024,586.9
108,2024-10-28,91938,941.77
24,2024-03-09,96741,178.54
81,2024-12-14,36049,474.29
158,2024-11-15,87789,95.96
120,2024-02-18,94526,627.55
59,2024-03-14,17846,552.78
128,2024-07-10,56220,410.33
114,2024-09-17,56163,523.77
115,2024-12-21,13765,897.09
14,2024-03-10,91486,200.31
9,2024-03-30,55270,27.45
40,2024-09-16,85277,862.36
194,2024-05-05,98278,579.23
25,2024-08-18,32931,891.21
103,2024-10-21,99116,598.96
22,2024-05-08,65633,811.11
4,2024-10-06,90702,432.52
154,2024-11-08,61913,751.11
186,2024-04-09,35991,913.48
29,2024-11-21,64845,574.26
109,2024-10-23,65312,184.88
98,2024-06-30,20561,272.45
37,2024-06-22,26901,202.65
75,2024-11-11,72875,250.62
70,2024-12-29,35917,309.88
146,2024-07-06,72120,557.36
128,2024-02-26,11988,590.05
85,2024-01-31,24256,429.37
42,2024-03-24,97728,617.34
100,2024-05-31,38230,86.17
41,2024-02-05,69778,92.35
166,2024-07-31,55833,175.97
34,2024-12-29,32625,520.49
17,2024-04-15,42088,217.92
165,2024-12-07,89650,286.87
153,2024-08-07,51167,403.31
122,2024-06-11,81291,812.81
76,2024-08-07,75303,18.79
87,2024-09-26,86361,651.13
117,2024-04-29,98229,670.53
106,2024-12-01,14117,799.66
86,2024-06-30,70710,933.09
27,2024-04-15,77054,25.04
57,2024-08-04,40949,158.01
31,2024-07-23,32547,886.74
134,2024-03-10,91882,461.23
168,2024-02-13,78136,566.77
98,2024-11-24,74619,664.71
12,2024-10-27,71842,680.67
53,2024-08-15,36990,932.08
199,2024-07-02,26193,996.96
138,2024-04-16,40109,721.56
173,2024-03-24,29233,290.79
145,2024-12-03,91730,880.35
154,2024-09-06,44510,53.97
190,2024-12-28,11306,234.93
122,2024-01-21,13849,897.9
46,2024-07-14,22360,259.91
64,2024-06-26,55800,224.55
130,2024-01-07,46963,142.43
54,2024-03-10,64330,859.82
107,2024-05-06,61707,502.56
193,2024-06-08,28689,676.52
51,2024-09-04,39084,242.87
181,2024-07-21,50387,759.25
36,2024-05-27,84816,761.21
115,2024-05-22,12642,316.04
26,2024-07-17,52137,413.63
29,2024-06-02,89832,213.64
